{
    "center_x": 33.464660714285706,
    "center_y": 17.79898214285715,
    "center_z": 30.104535714285714,
    "size_x": 29.546000000000003,
    "size_y": 18.176000000000002,
    "size_z": 21.169
}